错误类型,错误等级,错误解释
变量作用域误解,高级,动态作用域与全局变量冲突
浅拷贝与深拷贝,初级,对象复制后修改影响原对象
变量作用域误解,初级,局部变量未声明导致UnboundLocalError
变量作用域误解,高级,动态作用域与全局变量冲突
类型比较错误,高级,复杂数据结构比较逻辑错误
变量作用域误解,中级,闭包中变量捕获错误
迭代中修改集合,初级,循环中删除或添加元素导致逻辑错误
类型比较错误,高级,复杂数据结构比较逻辑错误
迭代中修改集合,初级,循环中删除或添加元素导致逻辑错误
可变默认参数,初级,函数默认参数为列表或字典被多次修改
可变默认参数,初级,函数默认参数为列表或字典被多次修改
浮点数精度问题,高级,算法中未进行数值稳定性处理
循环引用内存泄漏,初级,对象相互引用导致内存未释放
浅拷贝与深拷贝,初级,对象复制后修改影响原对象
循环引用内存泄漏,初级,对象相互引用导致内存未释放
变量作用域误解,初级,局部变量未声明导致UnboundLocalError
浮点数精度问题,高级,算法中未进行数值稳定性处理
可变默认参数,高级,递归函数默认参数共享状态
循环引用内存泄漏,中级,容器对象间循环引用
可变默认参数,高级,递归函数默认参数共享状态
循环引用内存泄漏,中级,容器对象间循环引用
浅拷贝与深拷贝,中级,多层嵌套结构未深拷贝
类型比较错误,中级,自定义类未定义比较方法
变量作用域误解,初级,局部变量未声明导致UnboundLocalError
类型比较错误,高级,复杂数据结构比较逻辑错误
循环引用内存泄漏,初级,对象相互引用导致内存未释放
类型比较错误,初级,不同类型对象比较导致逻辑错误
可变默认参数,中级,类构造函数中使用可变默认值
循环引用内存泄漏,高级,多线程环境下引用关系未清理
迭代中修改集合,初级,循环中删除或添加元素导致逻辑错误
变量作用域误解,初级,局部变量未声明导致UnboundLocalError
循环引用内存泄漏,初级,对象相互引用导致内存未释放
浮点数精度问题,中级,数值累积误差影响判断结果
浮点数精度问题,初级,浮点计算误差导致比较失败
可变默认参数,初级,函数默认参数为列表或字典被多次修改
循环引用内存泄漏,高级,多线程环境下引用关系未清理
变量作用域误解,初级,局部变量未声明导致UnboundLocalError
变量作用域误解,高级,动态作用域与全局变量冲突
浅拷贝与深拷贝,高级,自定义对象未正确定义拷贝逻辑
浮点数精度问题,中级,数值累积误差影响判断结果
浅拷贝与深拷贝,中级,多层嵌套结构未深拷贝
迭代中修改集合,高级,多线程修改共享集合
浅拷贝与深拷贝,高级,自定义对象未正确定义拷贝逻辑
可变默认参数,初级,函数默认参数为列表或字典被多次修改
浅拷贝与深拷贝,高级,自定义对象未正确定义拷贝逻辑
迭代中修改集合,初级,循环中删除或添加元素导致逻辑错误
迭代中修改集合,高级,多线程修改共享集合
循环引用内存泄漏,中级,容器对象间循环引用
浅拷贝与深拷贝,高级,自定义对象未正确定义拷贝逻辑
类型比较错误,高级,复杂数据结构比较逻辑错误
变量作用域误解,初级,局部变量未声明导致UnboundLocalError
可变默认参数,高级,递归函数默认参数共享状态
可变默认参数,高级,递归函数默认参数共享状态
类型比较错误,初级,不同类型对象比较导致逻辑错误
浮点数精度问题,初级,浮点计算误差导致比较失败
变量作用域误解,中级,闭包中变量捕获错误
浮点数精度问题,高级,算法中未进行数值稳定性处理
浮点数精度问题,高级,算法中未进行数值稳定性处理
可变默认参数,中级,类构造函数中使用可变默认值
浮点数精度问题,初级,浮点计算误差导致比较失败
类型比较错误,中级,自定义类未定义比较方法
浮点数精度问题,中级,数值累积误差影响判断结果
变量作用域误解,中级,闭包中变量捕获错误
浮点数精度问题,初级,浮点计算误差导致比较失败
浮点数精度问题,高级,算法中未进行数值稳定性处理
浮点数精度问题,高级,算法中未进行数值稳定性处理
类型比较错误,初级,不同类型对象比较导致逻辑错误
类型比较错误,初级,不同类型对象比较导致逻辑错误
迭代中修改集合,初级,循环中删除或添加元素导致逻辑错误
变量作用域误解,中级,闭包中变量捕获错误
变量作用域误解,初级,局部变量未声明导致UnboundLocalError
类型比较错误,中级,自定义类未定义比较方法
浅拷贝与深拷贝,初级,对象复制后修改影响原对象
循环引用内存泄漏,高级,多线程环境下引用关系未清理
浮点数精度问题,中级,数值累积误差影响判断结果
迭代中修改集合,高级,多线程修改共享集合
可变默认参数,高级,递归函数默认参数共享状态
浮点数精度问题,中级,数值累积误差影响判断结果
浅拷贝与深拷贝,中级,多层嵌套结构未深拷贝
迭代中修改集合,初级,循环中删除或添加元素导致逻辑错误
类型比较错误,高级,复杂数据结构比较逻辑错误
浮点数精度问题,高级,算法中未进行数值稳定性处理
可变默认参数,中级,类构造函数中使用可变默认值
循环引用内存泄漏,中级,容器对象间循环引用
类型比较错误,高级,复杂数据结构比较逻辑错误
类型比较错误,中级,自定义类未定义比较方法
浮点数精度问题,高级,算法中未进行数值稳定性处理
浅拷贝与深拷贝,初级,对象复制后修改影响原对象
类型比较错误,中级,自定义类未定义比较方法
循环引用内存泄漏,中级,容器对象间循环引用
类型比较错误,中级,自定义类未定义比较方法
浅拷贝与深拷贝,初级,对象复制后修改影响原对象
浅拷贝与深拷贝,高级,自定义对象未正确定义拷贝逻辑
浮点数精度问题,初级,浮点计算误差导致比较失败
变量作用域误解,高级,动态作用域与全局变量冲突
可变默认参数,高级,递归函数默认参数共享状态
浮点数精度问题,初级,浮点计算误差导致比较失败
迭代中修改集合,初级,循环中删除或添加元素导致逻辑错误
迭代中修改集合,初级,循环中删除或添加元素导致逻辑错误
浅拷贝与深拷贝,初级,对象复制后修改影响原对象
可变默认参数,中级,类构造函数中使用可变默认值
变量作用域误解,高级,动态作用域与全局变量冲突
浅拷贝与深拷贝,中级,多层嵌套结构未深拷贝
循环引用内存泄漏,中级,容器对象间循环引用
可变默认参数,中级,类构造函数中使用可变默认值
循环引用内存泄漏,初级,对象相互引用导致内存未释放
变量作用域误解,中级,闭包中变量捕获错误
循环引用内存泄漏,高级,多线程环境下引用关系未清理
迭代中修改集合,中级,字典迭代中结构变化引发异常
循环引用内存泄漏,高级,多线程环境下引用关系未清理
循环引用内存泄漏,中级,容器对象间循环引用
类型比较错误,初级,不同类型对象比较导致逻辑错误
变量作用域误解,初级,局部变量未声明导致UnboundLocalError
迭代中修改集合,初级,循环中删除或添加元素导致逻辑错误
迭代中修改集合,中级,字典迭代中结构变化引发异常
循环引用内存泄漏,初级,对象相互引用导致内存未释放
类型比较错误,中级,自定义类未定义比较方法
类型比较错误,高级,复杂数据结构比较逻辑错误
浅拷贝与深拷贝,中级,多层嵌套结构未深拷贝
迭代中修改集合,中级,字典迭代中结构变化引发异常
循环引用内存泄漏,中级,容器对象间循环引用
可变默认参数,初级,函数默认参数为列表或字典被多次修改
迭代中修改集合,高级,多线程修改共享集合
变量作用域误解,初级,局部变量未声明导致UnboundLocalError
可变默认参数,中级,类构造函数中使用可变默认值
类型比较错误,高级,复杂数据结构比较逻辑错误
浅拷贝与深拷贝,中级,多层嵌套结构未深拷贝
类型比较错误,初级,不同类型对象比较导致逻辑错误
循环引用内存泄漏,初级,对象相互引用导致内存未释放
循环引用内存泄漏,初级,对象相互引用导致内存未释放
类型比较错误,初级,不同类型对象比较导致逻辑错误
可变默认参数,高级,递归函数默认参数共享状态
变量作用域误解,中级,闭包中变量捕获错误
迭代中修改集合,中级,字典迭代中结构变化引发异常
类型比较错误,中级,自定义类未定义比较方法
浮点数精度问题,初级,浮点计算误差导致比较失败
可变默认参数,初级,函数默认参数为列表或字典被多次修改
类型比较错误,初级,不同类型对象比较导致逻辑错误
变量作用域误解,高级,动态作用域与全局变量冲突
迭代中修改集合,中级,字典迭代中结构变化引发异常
浮点数精度问题,初级,浮点计算误差导致比较失败
变量作用域误解,中级,闭包中变量捕获错误
浅拷贝与深拷贝,高级,自定义对象未正确定义拷贝逻辑
迭代中修改集合,中级,字典迭代中结构变化引发异常
浅拷贝与深拷贝,高级,自定义对象未正确定义拷贝逻辑
浮点数精度问题,中级,数值累积误差影响判断结果
迭代中修改集合,中级,字典迭代中结构变化引发异常
可变默认参数,高级,递归函数默认参数共享状态
迭代中修改集合,中级,字典迭代中结构变化引发异常
循环引用内存泄漏,高级,多线程环境下引用关系未清理
迭代中修改集合,高级,多线程修改共享集合
浮点数精度问题,中级,数值累积误差影响判断结果
可变默认参数,高级,递归函数默认参数共享状态
迭代中修改集合,高级,多线程修改共享集合
浮点数精度问题,中级,数值累积误差影响判断结果
浅拷贝与深拷贝,高级,自定义对象未正确定义拷贝逻辑
可变默认参数,初级,函数默认参数为列表或字典被多次修改
可变默认参数,高级,递归函数默认参数共享状态
浅拷贝与深拷贝,高级,自定义对象未正确定义拷贝逻辑
变量作用域误解,初级,局部变量未声明导致UnboundLocalError
迭代中修改集合,中级,字典迭代中结构变化引发异常
迭代中修改集合,高级,多线程修改共享集合
循环引用内存泄漏,高级,多线程环境下引用关系未清理
浅拷贝与深拷贝,初级,对象复制后修改影响原对象
类型比较错误,初级,不同类型对象比较导致逻辑错误
浮点数精度问题,初级,浮点计算误差导致比较失败
类型比较错误,高级,复杂数据结构比较逻辑错误
迭代中修改集合,高级,多线程修改共享集合
迭代中修改集合,中级,字典迭代中结构变化引发异常
浅拷贝与深拷贝,中级,多层嵌套结构未深拷贝
迭代中修改集合,初级,循环中删除或添加元素导致逻辑错误
可变默认参数,中级,类构造函数中使用可变默认值
类型比较错误,初级,不同类型对象比较导致逻辑错误
浅拷贝与深拷贝,初级,对象复制后修改影响原对象
浮点数精度问题,中级,数值累积误差影响判断结果
可变默认参数,初级,函数默认参数为列表或字典被多次修改
可变默认参数,初级,函数默认参数为列表或字典被多次修改
浅拷贝与深拷贝,中级,多层嵌套结构未深拷贝
变量作用域误解,中级,闭包中变量捕获错误
可变默认参数,中级,类构造函数中使用可变默认值
类型比较错误,中级,自定义类未定义比较方法
变量作用域误解,中级,闭包中变量捕获错误
类型比较错误,高级,复杂数据结构比较逻辑错误
可变默认参数,中级,类构造函数中使用可变默认值
可变默认参数,中级,类构造函数中使用可变默认值
循环引用内存泄漏,中级,容器对象间循环引用
浅拷贝与深拷贝,初级,对象复制后修改影响原对象
变量作用域误解,高级,动态作用域与全局变量冲突
可变默认参数,初级,函数默认参数为列表或字典被多次修改
变量作用域误解,高级,动态作用域与全局变量冲突
浅拷贝与深拷贝,中级,多层嵌套结构未深拷贝
变量作用域误解,中级,闭包中变量捕获错误
循环引用内存泄漏,高级,多线程环境下引用关系未清理
循环引用内存泄漏,高级,多线程环境下引用关系未清理
迭代中修改集合,高级,多线程修改共享集合
类型比较错误,中级,自定义类未定义比较方法
浮点数精度问题,高级,算法中未进行数值稳定性处理
迭代中修改集合,高级,多线程修改共享集合
变量作用域误解,高级,动态作用域与全局变量冲突
循环引用内存泄漏,初级,对象相互引用导致内存未释放
